<?xml version="1.0"?>
<manifest>
  <main label="Video_Analytics" version="1.1.1" id="65116466f833be5821100123" packageId="83c3d8d4-ea88-482b-a297-79dbd3316481" osId="60126c55d9555f002a8049fb"/>
  <default path="installation/common" esb_install="true" label="esb_common" id="6022bd8ccc7449002afdbedd"/>
  <project path="installation/src" id="5f21392e9e63c9002a6fd88d" version="20.10.5" label="Docker_Community_Edition_CE" esb_install="true"/>
  <project path="installation/src" id="60e327614c1e9d002a6d6a7a" version="1.29.0" label="Docker_Compose" esb_install="true"/>
  <image id="619ce060b2596400208c55d0" label="eclipse-mosquitto" tag="latest"/>
  <image id="64edc4fa4d0bea207c9462fc" label="intel/edge_video_analytics_microservice" tag="1.1.1"/>
  <project path="installation/src" id="651160b67cdf128d6e93b4db" version="1.1.1" label="Edge_Video_Analytics_Resources"/>
  <project path="installation/src" id="64ec414c160aaed0837c8768" version="4.0.1" label="IEdgeInsights/CoreLibs"/>
</manifest>